{
  "candidates": [
    {
      "firstName": "Arvinth1",
      "middleName": "Akash",
      "lastName": "Nagamani",
      "gender": "Male",
      "email": "arvinth@gmail.com",
      "number": "1234567890",
      "jobPosition": "UX Designer",
      "joinedDate": "2022-08-10",
      "endDate": "2022-08-21",
      "comments": "Add",
      "id": 1
    },
    {
      "firstName": "Arvinth2",
      "middleName": "Akash",
      "lastName": "Nagamani",
      "gender": "Male",
      "email": "arvinth@gmail.com",
      "number": "1234567890",
      "jobPosition": "UX Designer",
      "joinedDate": "2022-08-10",
      "endDate": "2022-08-21",
      "comments": "Add",
      "id": 2
    },
    {
      "firstName": "Arvinth3",
      "middleName": "Akash",
      "lastName": "Nagamani",
      "gender": "Male",
      "email": "arvinth@gmail.com",
      "number": "1234567890",
      "jobPosition": "UX Designer",
      "joinedDate": "2022-08-10",
      "endDate": "2022-08-21",
      "comments": "Add",
      "id": 3
    },
    {
      "firstName": "Arvinth5",
      "middleName": "Akash",
      "lastName": "Nagamani",
      "gender": "Male",
      "email": "arvinth@gmail.com",
      "number": "1234567890",
      "jobPosition": "UX Designer",
      "joinedDate": "2022-08-10",
      "endDate": "2022-08-21",
      "comments": "Add",
      "id": 5
    },
    {
      "firstName": "Arvinth6",
      "middleName": "Akash",
      "lastName": "Nagamani",
      "gender": "Male",
      "email": "arvinth@gmail.com",
      "number": "1234567890",
      "jobPosition": "UX Designer",
      "joinedDate": "2022-08-10",
      "endDate": "2022-08-21",
      "comments": "Add",
      "id": 6
    }
  ]
}