{
  "candidates": [
    {
      "firstName": "Arvinth1",
      "middleName": "Akash",
      "lastName": "Nagamani",
      "gender": "Male",
      "email": "arvinth@gmail.com",
      "number": "1234567890",
      "jobPosition": "UX Designer",
      "joinedDate": "2022-08-10",
      "endDate": "2022-08-21",
      "comments": "Add",
      "filePath": "C:\\fakepath\\Acima Application Platform.pdf",
      "id": 1
    },
    {
      "firstName": "Arvinth2",
      "middleName": "Akash",
      "lastName": "Nagamani",
      "gender": "Male",
      "email": "arvinth@gmail.com",
      "number": "1234567890",
      "jobPosition": "UX Designer",
      "joinedDate": "2022-08-10",
      "endDate": "2022-08-21",
      "comments": "Add",
      "filePath": "C:\\fakepath\\Acima Application Platform.pdf",
      "id": 2
    },
    {
      "firstName": "Arvinth3",
      "middleName": "Akash",
      "lastName": "Nagamani",
      "gender": "Male",
      "email": "arvinth@gmail.com",
      "number": "1234567890",
      "jobPosition": "UX Designer",
      "joinedDate": "2022-08-10",
      "endDate": "2022-08-21",
      "comments": "Add",
      "filePath": "C:\\fakepath\\Acima Application Platform.pdf",
      "id": 3
    },
    {
      "firstName": "Arvinth5",
      "middleName": "Akash",
      "lastName": "Nagamani",
      "gender": "Male",
      "email": "arvinth@gmail.com",
      "number": "1234567890",
      "jobPosition": "UX Designer",
      "joinedDate": "2022-08-10",
      "endDate": "2022-08-21",
      "comments": "Add",
      "filePath": "C:\\fakepath\\Acima Application Platform.pdf",
      "id": 5
    },
    {
      "firstName": "Arvinth6",
      "middleName": "Akash",
      "lastName": "Nagamani",
      "gender": "Male",
      "email": "arvinth@gmail.com",
      "number": "1234567890",
      "jobPosition": "UX Designer",
      "joinedDate": "2022-08-10",
      "endDate": "2022-08-21",
      "comments": "Add",
      "filePath": "C:\\fakepath\\Acima Application Platform.pdf",
      "id": 6
    },
    {
      "id": 7
    },
    {
      "firstName": "ewrwer",
      "middleName": "werew",
      "lastName": "wer",
      "gender": "Male",
      "email": "qweqw@gmail.com",
      "number": "1234567890",
      "jobPosition": "Select",
      "joinedDate": "2022-12-20",
      "endDate": "2022-12-30",
      "comments": "",
      "filePath": "C:\\fakepath\\MicrosoftTeams-image (1).png",
      "id": 8
    },
    {
      "id": 9
    },
    {
      "id": 10
    },
    {
      "id": 11
    },
    {
      "firstName": "ewrwer",
      "middleName": "werew",
      "lastName": "wer",
      "gender": "Male",
      "email": "qweqw@gmail.com",
      "number": "1234567890",
      "jobPosition": "Select",
      "joinedDate": "2022-12-20",
      "endDate": "2022-12-30",
      "comments": "",
      "filePath": "C:\\fakepath\\MicrosoftTeams-image (1).png",
      "id": 12
    }
  ]
}