{
  "candidates": [
    {
      "firstName": "Arvinth1",
      "middleName": "Akash",
      "lastName": "Nagamani",
      "gender": "Male",
      "email": "arvinth@gmail.com",
      "number": "1234567890",
      "jobPosition": "UX Designer",
      "joinedDate": "2022-08-10",
      "endDate": "2022-08-21",
      "comments": "hhhhhhhhhh",
      "filePath": "C:\\fakepath\\Acima Application Platform.pdf",
      "id": 1
    },
    {
      "firstName": "Arvinth2",
      "middleName": "Akash",
      "lastName": "Nagamani",
      "gender": "Male",
      "email": "arvinth@gmail.com",
      "number": "1234567890",
      "jobPosition": "UX Designer",
      "joinedDate": "2022-08-10",
      "endDate": "2022-08-21",
      "comments": "Add",
      "filePath": "C:\\fakepath\\Acima Application Platform.pdf",
      "id": 2
    },
    {
      "firstName": "Arvinth13",
      "middleName": "Akash3",
      "lastName": "Nagamani3",
      "gender": "Male",
      "email": "arvinth3@gmail.com",
      "number": "1234567890",
      "jobPosition": "UX Designer",
      "joinedDate": "2022-08-10",
      "endDate": "2022-08-21",
      "comments": "hhhhhhhhhh",
      "filePath": "C:\\fakepath\\Acima Application Platform.pdf",
      "id": 3
    },
    {
      "firstName": "Arvinth14",
      "middleName": "Akash",
      "lastName": "Nagamani",
      "gender": "Male",
      "email": "arvinth@gmail.com",
      "number": "1234567890",
      "jobPosition": "UX Designer",
      "joinedDate": "2022-08-10",
      "endDate": "2022-08-21",
      "comments": "76543234",
      "filePath": "C:\\fakepath\\Acima Application Platform.pdf",
      "id": 4
    }
  ]
}